{
    "timestamp": "20251119_141228",
    "model_h5": "models_1\\model_weather_cnn_20251119_135654.h5",
    "classes": [
        "Hujan",
        "Tidak_Hujan"
    ],
    "class_indices": {
        "Hujan": 0,
        "Tidak_Hujan": 1
    },
    "num_classes": 2,
    "dataset": {
        "train": 547,
        "val": 108,
        "test": 109,
        "total": 764
    },
    "hyperparameters": {
        "img_size": [
            224,
            224
        ],
        "batch_size": 16,
        "initial_epochs": 10,
        "fine_tune_epochs": 20,
        "lr_head": 0.001,
        "lr_finetune": 1e-05,
        "unfreeze_last_n": 40
    },
    "performance": {
        "accuracy": 0.9908256880733946,
        "precision": 0.9909866409142122,
        "recall": 0.9908256880733946,
        "f1": 0.9908225951743042,
        "confusion_matrix": [
            [
                52,
                1
            ],
            [
                0,
                56
            ]
        ]
    }
}